question_id,quiz_id,content,points,position
1,1,Which activity is part of software engineering?,1,1
2,2,What does a user story describe?,1,1
3,3,Which statement best describes an agile iteration?,1,1
4,4,Which Git command creates a new branch?,1,1
5,5,What does separation of concerns improve?,1,1
6,6,What is the purpose of a unit test?,1,1
7,7,What does a primary key provide?,1,1
8,8,What does input validation help prevent?,1,1
9,9,What does an HTTP GET request normally do?,1,1
10,10,What is a usability principle for forms?,1,1
11,11,What is the purpose of continuous integration?,1,1
12,12,What is software maintenance?,1,1
13,13,Which measure can summarize a score distribution?,1,1
14,14,Why should quiz submissions be protected?,1,1
15,15,What should a good quiz question have?,1,1
